[
  {
    "cistat_com": "Aglie'",
    "cistat_prov": "TORINO",
    "cistat_reg": "Piemonte",
    "ccodice_scuola": "TO1A16900R",
    "cdenominazione": "REGINA M.CRISTINA",
    "cdes_tipo_scuola": "SCUOLA DELL'INFANZIA",
    "cindirizzo": "V.BALUARDI 1",
    "ccap": "10011",
    "ctelefono": "012433352",
    "cfax": "012433352",
    "cemail": "asilormc@interfree.it",
    "cpec": "",
    "csito_web": "",
    "ccod_istituto_principale": "TO1A16900R",
    "cstatale": "PARITARIA",
    "class" : "positive"
  },
  {
    "cistat_com": "Aglie'",
    "cistat_prov": "TORINO",
    "cistat_reg": "Piemonte",
    "ccodice_scuola": "TOEE091108",
    "cdenominazione": "D.D.CASTELLAMONTE-AGLIE'",
    "cdes_tipo_scuola": "SCUOLA PRIMARIA",
    "cindirizzo": "PIAZZA MARTIRI LIBERTA'",
    "ccap": "10011",
    "ctelefono": "012433497",
    "cfax": "",
    "cemail": "TOEE09100R@istruzione.it",
    "cpec": "",
    "csito_web": "",
    "ccod_istituto_principale": "TOEE09100R",
    "cstatale": "STATALE"
  },
  {
    "cistat_com": "Aglie'",
    "cistat_prov": "TORINO",
    "cistat_reg": "Piemonte",
    "ccodice_scuola": "TOMM230013",
    "cdenominazione": "AGLIE' - OLIVETTI",
    "cdes_tipo_scuola": "SCUOLA SECONDARIA DI PRIMO GRADO",
    "cindirizzo": "PIAZZA     MARTIRI LIBERTA'    1",
    "ccap": "10011",
    "ctelefono": "0124330239",
    "cfax": "0124330239",
    "cemail": "TOMM230002@istruzione.it",
    "cpec": "",
    "csito_web": "www.isafaccio.it",
    "ccod_istituto_principale": "TOMM230002",
    "cstatale": "STATALE"
  },
  {
    "cistat_com": "Airasca",
    "cistat_prov": "TORINO",
    "cistat_reg": "Piemonte",
    "ccodice_scuola": "TOAA835006",
    "cdenominazione": "I.C. - AIRASCA",
    "cdes_tipo_scuola": "SCUOLA DELL'INFANZIA",
    "cindirizzo": "VIA        STAZIONE            37",
    "ccap": "10060",
    "ctelefono": "0119908555",
    "cfax": "0119909475",
    "cemail": "TOIC83500A@istruzione.it",
    "cpec": "",
    "csito_web": "",
    "ccod_istituto_principale": "TOIC83500A",
    "cstatale": "STATALE"
  },
  {
    "cistat_com": "Airasca",
    "cistat_prov": "TORINO",
    "cistat_reg": "Piemonte",
    "ccodice_scuola": "TOAA835017",
    "cdenominazione": "I.C.  AIRASCA - VIA DEL PALAZZO",
    "cdes_tipo_scuola": "SCUOLA DELL'INFANZIA",
    "cindirizzo": "VIA DEL PALAZZO 13",
    "ccap": "10060",
    "ctelefono": "0119909673",
    "cfax": "",
    "cemail": "TOIC83500A@istruzione.it",
    "cpec": "",
    "csito_web": "nuke.icairasca.it",
    "ccod_istituto_principale": "TOIC83500A",
    "cstatale": "STATALE"
  },
  {
    "cistat_com": "Airasca",
    "cistat_prov": "TORINO",
    "cistat_reg": "Piemonte",
    "ccodice_scuola": "TOEE83501C",
    "cdenominazione": "I.C. AIRASCA - CAP.",
    "cdes_tipo_scuola": "SCUOLA PRIMARIA",
    "cindirizzo": "VIA STAZIONE 26",
    "ccap": "10060",
    "ctelefono": "0119909497",
    "cfax": "",
    "cemail": "TOIC83500A@istruzione.it",
    "cpec": "",
    "csito_web": "",
    "ccod_istituto_principale": "TOIC83500A",
    "cstatale": "STATALE"
  },
  {
    "cistat_com": "Airasca",
    "cistat_prov": "TORINO",
    "cistat_reg": "Piemonte",
    "ccodice_scuola": "TOIC83500A",
    "cdenominazione": "I.C. - AIRASCA",
    "cdes_tipo_scuola": "SCUOLA SECONDARIA DI SECONDO GRADO",
    "cindirizzo": "VIA        STAZIONE            37",
    "ccap": "10060",
    "ctelefono": "0119908555",
    "cfax": "0119909475",
    "cemail": "TOIC83500A@istruzione.it",
    "cpec": "toic83500a@pec.istruzione.it",
    "csito_web": "",
    "ccod_istituto_principale": "TOIC83500A",
    "cstatale": "STATALE"
  },
  {
    "cistat_com": "Airasca",
    "cistat_prov": "TORINO",
    "cistat_reg": "Piemonte",
    "ccodice_scuola": "TOMM83501B",
    "cdenominazione": "I.C. AIRASCA - VIA STAZIONE",
    "cdes_tipo_scuola": "SCUOLA SECONDARIA DI PRIMO GRADO",
    "cindirizzo": "VIA        STAZIONE            37",
    "ccap": "10060",
    "ctelefono": "0119908555",
    "cfax": "0119909475",
    "cemail": "TOIC83500A@istruzione.it",
    "cpec": "",
    "csito_web": "",
    "ccod_istituto_principale": "TOIC83500A",
    "cstatale": "STATALE"
  },
  {
    "cistat_com": "Ala di Stura",
    "cistat_prov": "TORINO",
    "cistat_reg": "Piemonte",
    "ccodice_scuola": "TO1A281008",
    "cdenominazione": "PARROCCHIA SAN NICOLA VESCOVO - SCUOLA DELL'INFANZIA CLELIA TREVES",
    "cdes_tipo_scuola": "SCUOLA DELL'INFANZIA",
    "cindirizzo": "V.PIAN DEL TETTO 9",
    "ccap": "10070",
    "ctelefono": "012355152",
    "cfax": "0123551818",
    "cemail": "scuolamaterna.treves@alice.it",
    "cpec": "",
    "csito_web": "",
    "ccod_istituto_principale": "TO1A281008",
    "cstatale": "PARITARIA"
  },
  {
    "cistat_com": "Ala di Stura",
    "cistat_prov": "TORINO",
    "cistat_reg": "Piemonte",
    "ccodice_scuola": "TOEE809021",
    "cdenominazione": "I.C.CERES-ALA DI STURA",
    "cdes_tipo_scuola": "SCUOLA PRIMARIA",
    "cindirizzo": "PIAZZA CENTRALE 22",
    "ccap": "10070",
    "ctelefono": "012355228",
    "cfax": "",
    "cemail": "TOIC80900T@istruzione.it",
    "cpec": "",
    "csito_web": "www.icmurialdo.it",
    "ccod_istituto_principale": "TOIC80900T",
    "cstatale": "STATALE"
  },
  {
    "cistat_com": "Albiano d'Ivrea",
    "cistat_prov": "TORINO",
    "cistat_reg": "Piemonte",
    "ccodice_scuola": "TOAA894079",
    "cdenominazione": "IC. AZEGLIO - ALBIANO",
    "cdes_tipo_scuola": "SCUOLA DELL'INFANZIA",
    "cindirizzo": "VIA RICCARDI 2",
    "ccap": "10010",
    "ctelefono": "012559524",
    "cfax": "",
    "cemail": "TOIC894006@istruzione.it",
    "cpec": "",
    "csito_web": "http://digilander.libero.it/ddazeglio",
    "ccod_istituto_principale": "TOIC894006",
    "cstatale": "STATALE"
  },
  {
    "cistat_com": "Albiano d'Ivrea",
    "cistat_prov": "TORINO",
    "cistat_reg": "Piemonte",
    "ccodice_scuola": "TOEE89405C",
    "cdenominazione": "IC. AZEGLIO-ALBIANO D'IVREA",
    "cdes_tipo_scuola": "SCUOLA PRIMARIA",
    "cindirizzo": "VIA RICCARDI 17",
    "ccap": "10010",
    "ctelefono": "012559702",
    "cfax": "",
    "cemail": "TOIC894006@istruzione.it",
    "cpec": "",
    "csito_web": "htt://digilander.libero.it/ddazeglio",
    "ccod_istituto_principale": "TOIC894006",
    "cstatale": "STATALE"
  },
  {
    "cistat_com": "Almese",
    "cistat_prov": "TORINO",
    "cistat_reg": "Piemonte",
    "ccodice_scuola": "TO1A23600A",
    "cdenominazione": "RIVA ROCCI",
    "cdes_tipo_scuola": "SCUOLA DELL'INFANZIA",
    "cindirizzo": "V.VIGLIANIS 16",
    "ccap": "10040",
    "ctelefono": "011 9351468",
    "cfax": "011",
    "cemail": "ASILOINFANTILERIVAROCCI@VIRGILIO.IT",
    "cpec": "",
    "csito_web": "",
    "ccod_istituto_principale": "TO1A23600A",
    "cstatale": "PARITARIA"
  },
  {
    "cistat_com": "Almese",
    "cistat_prov": "TORINO",
    "cistat_reg": "Piemonte",
    "ccodice_scuola": "TOAA821008",
    "cdenominazione": "I.C. - ALMESE",
    "cdes_tipo_scuola": "SCUOLA DELL'INFANZIA",
    "cindirizzo": "PIAZZA     DELLA FIERA         3/2",
    "ccap": "10040",
    "ctelefono": "0119350258",
    "cfax": "0119350258",
    "cemail": "TOIC82100C@istruzione.it",
    "cpec": "",
    "csito_web": "",
    "ccod_istituto_principale": "TOIC82100C",
    "cstatale": "STATALE"
  }
]